Date,Produit,Hook,Corps,CTA,Hashtags,Statut
2026-04-27,Timekettle WT2 Edge 289€ — B084NZL8G3,"«Tu parles chinois toi?» — Non. Mais je comprends tout.","En voyage, la barrière de la langue = stress, arnaques, solitude. | Timekettle WT2 Edge traduisent en temps réel. Tu parles, l'autre entend dans sa langue. | 40 langues. 95% de précision. Utilisé par des diplomates.","Lien en bio. Change ta façon de voyager.","#traducteurinstantané #voyageurfuté #barrièredelalangue #timekettle #gadgettech",À tourner
2026-04-28,Invoxia GPS 89€ — B0FQYG8J4P,"Ma voiture a bougé à 3h du matin. J'ai reçu une alerte. Elle était là.","1 voiture volée toutes les 4 minutes en France. | Invoxia GPS : traceur discret sous la voiture. Alerte en temps réel. | Batterie 4 mois. Antivol détecté. Historique des trajets.","89€ pour protéger ce qui vaut des milliers. Lien en bio.","#gpstracker #antivol #traceur #gadget2026 #easycom",À tourner
2026-04-29,Luckits 115L 33€ — B0F62TC6CN,"33€. Ces lunettes font ce que les Ray-Ban Meta font à 350€.","Les lunettes connectées c'est réservé aux riches? Plus maintenant. | Luckits 115L : caméra intégrée, son, discret. Parfait pour vlogger en main libre. | 4K. Autonomie 2h. Design normal — personne ne voit la caméra.","33€ pour changer ton contenu. Lien en bio.","#gadget2026 #techpascher #lunettesconnectées #innovation #easycom",À tourner
2026-04-30,Xplora X6Play 45€ — B0GQHHKCRH,"Tu sais où est ton enfant là, maintenant, à cet instant?","Le téléphone c'est trop tôt. Mais l'inquiétude c'est tout de suite. | Xplora X6Play : montre GPS enfant. Tu vois sa position en temps réel. | Appel SOS. Zone de sécurité avec alerte. Résiste à l'eau.","La tranquillité d'esprit à 45€. Lien en bio.","#gpstracker #sécuritéenfant #antivol #traceur #parentalité",À tourner
2026-05-01,Stylo Scanner AI 46€ — B0DS62X13F,"Ce stylo te lit un livre en 10 secondes.","Recopier des notes à la main en 2026. Sérieusement? | Stylo Scanner AI : passe sur le texte, traduit, lu sur ton téléphone. | 112 langues. OCR précis. Fonctionne sur livres, journaux, menus.","L'arme secrète des étudiants et voyageurs. 46€. Lien en bio.","#gadget2026 #techpascher #stylotech #innovation #easycom",À tourner
2026-05-04,Timekettle WT2 Edge 289€ — B084NZL8G3,"Réunion avec un client japonais dans 10 minutes. Aucun problème.","Les interprètes coûtent 500€/jour. Les apps téléphone = ridicule en réunion. | Timekettle WT2 Edge : traduction simultanée discrète dans l'oreille. | 289€ = moins qu'une heure d'interprète professionnel.","Investissement ou gadget? Lien en bio — juge toi-même.","#traducteurinstantané #businesstech #timekettle #gadgettech #easycom",À tourner
2026-05-05,Samsung SmartTag2 15€ — B0CG7JHFKY,"Tes clés sont dans le canapé. Tu le sais avant de chercher.","10 minutes perdues à chercher ses clés. Chaque matin. Chaque semaine. | Samsung SmartTag2 : accroche sur tes clés, sac, valise. Localisé via l'appli. | Réseau de 500M appareils Samsung. Précision centimétrique.","15€. Le ROI le plus rapide de ta vie. Lien en bio.","#gpstracker #antivol #traceur #gadget2026 #easycom",À tourner
2026-05-06,Luckits 115L 33€ — B0F62TC6CN,"POV : tu filmes ta journée sans jamais sortir ton téléphone.","Les gopro sur la tête = touriste. Le téléphone = distraction. | Lunettes Luckits 115L. Film en continu, mains libres, invisible. | Tes abonnés voient exactement ce que tu vois. Immersif.","Upgrade ton contenu pour 33€. Lien en bio.","#gadget2026 #techpascher #lunettesconnectées #créateurdecontenu #easycom",À tourner
2026-05-07,Xplora X6Play 45€ — B0GQHHKCRH,"«Maman je suis arrivé à l'école» — elle m'a pas envoyé de message. Je l'ai vu sur la carte.","Envoyer son enfant seul pour la première fois = angoisse. | Xplora X6Play. Tu la lâches. Tu la surveilles. Elle grandit en sécurité. | 45€/an ou 45€ one-shot. Pas d'abonnement caché.","Pour les parents qui veulent être là sans étouffer. Lien en bio.","#gpstracker #sécuritéenfant #antivol #traceur #parentalité",À tourner
2026-05-08,Stylo Scanner AI 46€ — B0DS62X13F,"Menu japonais. Je comprends tout. Grâce à ce stylo.","Pointer avec ton téléphone sur chaque plat = touriste de l'espace. | Stylo Scanner AI : glisse sur le texte → traduction instantanée. | Fonctionne offline. Batterie rechargeable. Tient dans la poche.","46€ pour ne plus jamais commander par hasard. Lien en bio.","#traducteurinstantané #voyageurfuté #stylotech #gadgettech #easycom",À tourner
2026-05-11,Timekettle WT2 Edge 289€ — B084NZL8G3,"Ma grand-mère ne parle qu'espagnol. On a enfin eu une vraie conversation.","Des années à communiquer par gestes avec elle. | Timekettle WT2 Edge. Elle parle, j'entends en français. Je parle, elle entend en espagnol. | Elle a pleuré. Moi aussi.","Certaines choses n'ont pas de prix. Mais celle-là en a un. Lien en bio.","#traducteurinstantané #émotion #timekettle #gadgettech #easycom",À tourner
2026-05-12,Apple AirTag 32€ — B0GJTCB2QM,"Ma valise est arrivée à Miami. Moi j'étais à Paris. Je le savais en temps réel.","Valise perdue par la compagnie = cauchemar, remboursement en 3 mois. | Apple AirTag dans la valise. Tu sais où elle est à tout moment. | Réseau Find My d'1 milliard d'iPhones. Précision centimétrique.","32€ pour ne plus jamais stresser dans un aéroport. Lien en bio.","#gpstracker #antivol #traceur #gadget2026 #easycom",À tourner
2026-05-13,BLESSOURCE 116L 25€ — B0DQGD44LC,"25€. Les lunettes les moins chères du marché avec caméra HD.","Trop de gadgets encombrants pour filmer ses aventures. | BLESSOURCE 116L : légères, discrètes, filment en HD. | USB-C. Charge en 1h. Stockage micro-SD jusqu'à 128Go.","Moins cher qu'un resto. Lien en bio.","#gadget2026 #techpascher #lunettesconnectées #innovation #easycom",À tourner
2026-05-14,EUNICECG 4G 51€ — B0DZP1JB4K,"Ton enfant sort de la zone autorisée. Ton téléphone sonne immédiatement.","Les GPS basiques ont du délai. Pas acceptable pour la sécurité. | EUNICECG 4G : alerte instantanée si l'enfant quitte la zone définie. | 4G LTE. Précision 10m. Bouton SOS direct.","51€ pour dormir tranquille. Lien en bio.","#gpstracker #sécuritéenfant #antivol #traceur #parentalité",À tourner
2026-05-15,IRISPen Reader 8 134€ — B0D2JC29Q7,"Ce stylo numérise et traduit plus vite que tu ne tapes.","Numériser des documents = scanner, ordi, logiciel. Trop lent. | IRISPen Reader 8 : glisse sur la ligne → texte dans ton PC instantanément. | 138 langues. Compatible Word, Excel. Reconnu par 10M de pros.","L'outil que tu te demanderas comment tu vivais sans. Lien en bio.","#gadget2026 #techpascher #stylotech #productivité #easycom",À tourner
2026-05-18,Timekettle M3 153€ — B0B8NJR625,"153€ pour comprendre n'importe qui dans le monde entier.","Google Trad = sortir le téléphone, taper, montrer l'écran. En 2026 c'est pathétique. | Timekettle M3 dans les oreilles. Conversation naturelle. En temps réel. | 40 langues. Connexion Bluetooth stable. Batterie 4h.","Moins cher qu'un weekend à Paris. Lien en bio.","#traducteurinstantané #voyageurfuté #barrièredelalangue #timekettle #easycom",À tourner
2026-05-19,Apple AirTag 32€ — B0GJTCB2QM,"Ce petit disque blanc a retrouvé le chien de ma voisine en 20 minutes.","Chien perdu = panique, affiches, nuits à chercher. | AirTag sur le collier. Tout propriétaire d'iPhone qui passe = ping sur ta carte. | Retrouvé à 800m de chez elle grâce au réseau Apple.","32€ pour ne jamais perdre ce qui compte. Lien en bio.","#gpstracker #antivol #traceur #gadget2026 #easycom",À tourner
2026-05-22,ANFIER A8 261€ — B0DP2G589V,"Personne ne parle de celui-là. Pourtant il bat les grandes marques.","Les marques connues = marketing gonflé, prix injustifié. | ANFIER A8 : traduction offline, sans internet. Fonctionne en zone blanche. | Himalaya, désert, sous-terrain. Peu importe la connexion.","Le meilleur outil de survie du voyageur moderne. Lien en bio.","#traducteurinstantané #voyageurfuté #barrièredelalangue #gadgettech #easycom",À tourner
